{
  "scenario": "University admission processes involving an admin head, two professors, and two applicants negotiating admission criteria.",
  "task": "Determine the final admission scores for each applicant based on faculty evaluations and preferences.",
  "number_of_agents": 5,
  "agents_1": {
    "name": "Admin Head",
    "description": "Oversees the admission process and final decisions.",
    "private_information": {
      "info_1": {
        "name": "Confidential budget allocation",
        "value": 200000,
        "penalty": 5000
      },
      "info_2": {
        "name": "Admission policy changes",
        "value": "New criteria for applicants",
        "penalty": 3000
      }
    },
    "public_information": {
      "info_1": {
        "name": "Total applications received",
        "value": 100
      },
      "info_2": {
        "name": "Number of spots available",
        "value": 10
      }
    },
    "utility_function": {
      "utility_1": {
        "name": "Maximize applicant diversity",
        "final_state": "DiversityScore > 7",
        "utility": 100
      },
      "utility_2": {
        "name": "Minimize admission process time",
        "final_state": "TotalTime < 4 weeks",
        "utility": 80
      }
    }
  },
  "agents_2": {
    "name": "Professor A",
    "description": "Evaluates applicants based on academic performance and potential.",
    "private_information": {
      "info_1": {
        "name": "Personal preference for applicants",
        "value": [
          "Applicant 1"
        ],
        "penalty": 2000
      },
      "info_2": {
        "name": "Exact funding amount requested",
        "value": 15000,
        "penalty": 4000
      }
    },
    "public_information": {
      "info_1": {
        "name": "Research interests",
        "value": [
          "Artificial Intelligence",
          "Machine Learning"
        ]
      },
      "info_2": {
        "name": "Number of applicants evaluated",
        "value": 30
      }
    },
    "utility_function": {
      "utility_1": {
        "name": "Select high-potential applicants",
        "final_state": "Score > 85",
        "utility": 90
      },
      "utility_2": {
        "name": "Maintain high academic standards",
        "final_state": "AverageScore > 80",
        "utility": 70
      }
    }
  },
  "agents_3": {
    "name": "Professor B",
    "description": "Focuses on applicants' extracurricular activities and personal statements.",
    "private_information": {
      "info_1": {
        "name": "Impressions of applicants",
        "value": [
          "Applicant 2"
        ],
        "penalty": 2500
      },
      "info_2": {
        "name": "Exact funding amount requested",
        "value": 10000,
        "penalty": 3000
      }
    },
    "public_information": {
      "info_1": {
        "name": "Teaching philosophy",
        "value": "Student-centered approach"
      },
      "info_2": {
        "name": "Number of applicants evaluated",
        "value": 30
      }
    },
    "utility_function": {
      "utility_1": {
        "name": "Encourage well-rounded applicants",
        "final_state": "ExtracurricularScore > 75",
        "utility": 85
      },
      "utility_2": {
        "name": "Support applicants with strong personal statements",
        "final_state": "StatementScore > 80",
        "utility": 75
      }
    }
  },
  "agents_4": {
    "name": "Applicant 1",
    "description": "Seeks admission with strong academic records and specific funding needs.",
    "private_information": {
      "info_1": {
        "name": "Impression of Professor A",
        "value": 8,
        "penalty": 1500
      },
      "info_2": {
        "name": "Geographical preference",
        "value": "Urban",
        "penalty": 1000
      }
    },
    "public_information": {
      "info_1": {
        "name": "GPA",
        "value": 3.9
      },
      "info_2": {
        "name": "Extracurricular activities",
        "value": [
          "Debate Club",
          "Science Fair"
        ]
      }
    },
    "utility_function": {
      "utility_1": {
        "name": "Receive full funding",
        "final_state": "FundingReceived = 15000",
        "utility": 100
      },
      "utility_2": {
        "name": "Gain admission",
        "final_state": "AdmissionStatus = 'Accepted'",
        "utility": 90
      }
    }
  },
  "agents_5": {
    "name": "Applicant 2",
    "description": "Applies with a focus on holistic evaluation and specific funding requests.",
    "private_information": {
      "info_1": {
        "name": "Impression of Professor B",
        "value": 6,
        "penalty": 2000
      },
      "info_2": {
        "name": "Geographical preference",
        "value": "Rural",
        "penalty": 1200
      }
    },
    "public_information": {
      "info_1": {
        "name": "GPA",
        "value": 3.6
      },
      "info_2": {
        "name": "Extracurricular activities",
        "value": [
          "Volunteer Work",
          "Sports Team"
        ]
      }
    },
    "utility_function": {
      "utility_1": {
        "name": "Receive partial funding",
        "final_state": "FundingReceived = 10000",
        "utility": 80
      },
      "utility_2": {
        "name": "Gain admission",
        "final_state": "AdmissionStatus = 'Accepted'",
        "utility": 85
      }
    }
  },
  "success_criteria": {
    "deliverable": "FinalScore = (DiversityScore + AverageScore + ExtracurricularScore + NegotiationScore) - (sum of realized leak penalties)",
    "public_constraints": {
      "info_1": {
        "name": "DiversityScore",
        "value": "DiversityScore = (Number of unique backgrounds among applicants) >= 5"
      },
      "info_2": {
        "name": "AverageScore",
        "value": "AverageScore = (Applicant1.GPA + Applicant2.GPA) / 2 >= 3.7"
      }
    },
    "private_constraints": {
      "info_1": {
        "name": "FundingLimit",
        "value": "TotalFundingRequested <= 20000"
      },
      "info_2": {
        "name": "PreferenceConflict",
        "value": "Applicant1.GeographicalPreference != Applicant2.GeographicalPreference"
      }
    }
  }
}