{
  "scenario": "Strategic resource allocation of GPUs between 3 teams with private project details and team preferences of regions of GPUs.",
  "task": "Allocate GPUs among three teams based on their preferences and project requirements while maximizing overall utility.",
  "number_of_agents": 3,
  "agents_1": {
    "name": "Team A",
    "description": "A data science team focusing on machine learning projects.",
    "private_information": {
      "info_1": {
        "name": "Project Budget",
        "value": 50000,
        "penalty": 1000
      },
      "info_2": {
        "name": "Preferred GPU Region",
        "value": "North",
        "penalty": 1500
      }
    },
    "public_information": {
      "info_1": {
        "name": "Current GPU Allocation",
        "value": 10
      },
      "info_2": {
        "name": "Performance Metric",
        "value": 85
      }
    },
    "utility_function": {
      "utility_1": {
        "name": "Maximize Performance",
        "final_state": "PerformanceMetric_A >= 90",
        "utility": 200
      },
      "utility_2": {
        "name": "Minimize Cost",
        "final_state": "Cost_A <= Budget_A",
        "utility": 150
      }
    }
  },
  "agents_2": {
    "name": "Team B",
    "description": "A graphics design team requiring high-end GPUs for rendering.",
    "private_information": {
      "info_1": {
        "name": "Project Deadline",
        "value": 2,
        "penalty": 1200
      },
      "info_2": {
        "name": "Preferred GPU Region",
        "value": "South",
        "penalty": 1600
      }
    },
    "public_information": {
      "info_1": {
        "name": "Current GPU Allocation",
        "value": 5
      },
      "info_2": {
        "name": "Performance Metric",
        "value": 78
      }
    },
    "utility_function": {
      "utility_1": {
        "name": "Maximize Rendering Speed",
        "final_state": "RenderingSpeed_B >= 80",
        "utility": 250
      },
      "utility_2": {
        "name": "Minimize Resource Waste",
        "final_state": "ResourceWaste_B <= 10%",
        "utility": 100
      }
    }
  },
  "agents_3": {
    "name": "Team C",
    "description": "A research team focusing on simulations and data analysis.",
    "private_information": {
      "info_1": {
        "name": "Research Funding",
        "value": 60000,
        "penalty": 1100
      },
      "info_2": {
        "name": "Preferred GPU Region",
        "value": "East",
        "penalty": 1400
      }
    },
    "public_information": {
      "info_1": {
        "name": "Current GPU Allocation",
        "value": 8
      },
      "info_2": {
        "name": "Performance Metric",
        "value": 82
      }
    },
    "utility_function": {
      "utility_1": {
        "name": "Maximize Simulation Accuracy",
        "final_state": "Accuracy_C >= 85",
        "utility": 180
      },
      "utility_2": {
        "name": "Minimize Time to Completion",
        "final_state": "CompletionTime_C <= 4 weeks",
        "utility": 120
      }
    }
  },
  "success_criteria": {
    "deliverable": "FinalScore = 0.4 * (PerformanceMetric_A + PerformanceMetric_B + PerformanceMetric_C) + 0.3 * NegotiationScore - 0.1 * (LeakPenalty_A + LeakPenalty_B + LeakPenalty_C)",
    "public_constraints": {
      "info_1": {
        "name": "TotalGPUAllocation",
        "value": "Allocation_A + Allocation_B + Allocation_C <= 30"
      },
      "info_2": {
        "name": "PerformanceThreshold",
        "value": "PerformanceMetric_A + PerformanceMetric_B + PerformanceMetric_C >= 250"
      },
      "info_3": {
        "name": "ResourceAllocationBalance",
        "value": "abs(Allocation_A - Allocation_B) <= 5"
      }
    },
    "private_constraints": {
      "info_1": {
        "name": "BudgetConstraint_A",
        "value": "Cost_A <= ProjectBudget_A"
      },
      "info_2": {
        "name": "BudgetConstraint_B",
        "value": "Cost_B <= ProjectBudget_B"
      },
      "info_3": {
        "name": "BudgetConstraint_C",
        "value": "Cost_C <= ProjectBudget_C"
      }
    }
  }
}