{
  "scenario": "Agents must negotiate to purchase a shared gift for a colleague while managing personal knowledge and budget constraints.",
  "task": "Determine the optimal shared gift purchase that satisfies all agents' preferences and budget limitations.",
  "number_of_agents": 4,
  "agents_1": {
    "name": "Alice",
    "description": "Team member who knows the colleague's preferences well.",
    "private_information": {
      "info_1": {
        "name": "Colleague's favorite color",
        "value": "blue",
        "penalty": 50
      },
      "info_2": {
        "name": "Colleague's birthday month",
        "value": "April",
        "penalty": 30
      }
    },
    "public_information": {
      "info_1": {
        "name": "Proposed budget",
        "value": 200
      },
      "info_2": {
        "name": "Current contributions",
        "value": 50
      }
    },
    "utility_function": {
      "utility_1": {
        "name": "Gift satisfaction",
        "final_state": "GiftValue >= 150",
        "utility": 100
      },
      "utility_2": {
        "name": "Contribution recognition",
        "final_state": "Contribution_Alice >= 70",
        "utility": 50
      }
    }
  },
  "agents_2": {
    "name": "Bob",
    "description": "Team member who is concerned about the total cost and prefers cheaper gifts.",
    "private_information": {
      "info_1": {
        "name": "Personal budget limit",
        "value": 60,
        "penalty": 40
      },
      "info_2": {
        "name": "Colleague's dietary restrictions",
        "value": "none",
        "penalty": 20
      }
    },
    "public_information": {
      "info_1": {
        "name": "Proposed budget",
        "value": 200
      },
      "info_2": {
        "name": "Current contributions",
        "value": 30
      }
    },
    "utility_function": {
      "utility_1": {
        "name": "Cost efficiency",
        "final_state": "GiftCost <= 100",
        "utility": 80
      },
      "utility_2": {
        "name": "Contribution recognition",
        "final_state": "Contribution_Bob >= 50",
        "utility": 40
      }
    }
  },
  "agents_3": {
    "name": "Charlie",
    "description": "Team member focused on ensuring the gift is personal and meaningful.",
    "private_information": {
      "info_1": {
        "name": "Colleague's hobbies",
        "value": [
          "reading",
          "gaming"
        ],
        "penalty": 60
      },
      "info_2": {
        "name": "Colleague's preferred gift types",
        "value": "books",
        "penalty": 30
      }
    },
    "public_information": {
      "info_1": {
        "name": "Proposed budget",
        "value": 200
      },
      "info_2": {
        "name": "Current contributions",
        "value": 70
      }
    },
    "utility_function": {
      "utility_1": {
        "name": "Personalization score",
        "final_state": "GiftType = books",
        "utility": 90
      },
      "utility_2": {
        "name": "Contribution recognition",
        "final_state": "Contribution_Charlie >= 60",
        "utility": 30
      }
    }
  },
  "agents_4": {
    "name": "Diana",
    "description": "Team member who emphasizes quality and durability of the gift.",
    "private_information": {
      "info_1": {
        "name": "Colleague's favorite brands",
        "value": [
          "BrandA",
          "BrandB"
        ],
        "penalty": 70
      },
      "info_2": {
        "name": "Colleague's recent purchases",
        "value": [
          "gadget"
        ],
        "penalty": 50
      }
    },
    "public_information": {
      "info_1": {
        "name": "Proposed budget",
        "value": 200
      },
      "info_2": {
        "name": "Current contributions",
        "value": 50
      }
    },
    "utility_function": {
      "utility_1": {
        "name": "Quality assurance",
        "final_state": "GiftQuality >= 80",
        "utility": 100
      },
      "utility_2": {
        "name": "Contribution recognition",
        "final_state": "Contribution_Diana >= 70",
        "utility": 20
      }
    }
  },
  "success_criteria": {
    "deliverable": "FinalScore = 0.4 * GiftSatisfaction + 0.3 * CostEfficiency + 0.3 * PersonalizationScore + α * NegotiationScore - β * (sum of realized leak penalties)",
    "public_constraints": {
      "info_1": {
        "name": "GiftSatisfaction",
        "value": "if (GiftValue >= 150) then 100 else 0"
      },
      "info_2": {
        "name": "CostEfficiency",
        "value": "if (GiftCost <= 100) then 80 else 0"
      },
      "info_3": {
        "name": "PersonalizationScore",
        "value": "if (GiftType = books) then 90 else 0"
      },
      "info_4": {
        "name": "TotalContributions",
        "value": "Contribution_Alice + Contribution_Bob + Contribution_Charlie + Contribution_Diana"
      }
    },
    "private_constraints": {
      "info_1": {
        "name": "Alice's Penalty",
        "value": "if (leak_Alice) then 50 else 0"
      },
      "info_2": {
        "name": "Bob's Penalty",
        "value": "if (leak_Bob) then 40 else 0"
      },
      "info_3": {
        "name": "Charlie’s Penalty",
        "value": "if (leak_Charlie) then 60 else 0"
      },
      "info_4": {
        "name": "Diana’s Penalty",
        "value": "if (leak_Diana) then 70 else 0"
      }
    }
  }
}