{
  "scenario": "Network construction planning involving an engineer, a government employee, and an environmentalist.",
  "task": "Negotiate optimal network construction plans that balance costs, regulatory compliance, and environmental impact.",
  "number_of_agents": 3,
  "agents_1": {
    "name": "Engineer Alice",
    "description": "A civil engineer specializing in network construction.",
    "private_information": {
      "info_1": {
        "name": "ProjectCostEstimate",
        "value": 500000,
        "penalty": 2000
      },
      "info_2": {
        "name": "ConstructionTimeline",
        "value": 12,
        "penalty": 1500
      }
    },
    "public_information": {
      "info_1": {
        "name": "ProposedMaterials",
        "value": [
          "Steel",
          "Concrete"
        ]
      },
      "info_2": {
        "name": "CurrentProjectBudget",
        "value": 600000
      }
    },
    "utility_function": {
      "utility_1": {
        "name": "CostEfficiency",
        "final_state": "FinalCost < 550000",
        "utility": 100
      },
      "utility_2": {
        "name": "QualityScore",
        "final_state": "ConstructionTimeline <= 12",
        "utility": 80
      }
    }
  },
  "agents_2": {
    "name": "Government Employee Bob",
    "description": "A government employee responsible for infrastructure regulations.",
    "private_information": {
      "info_1": {
        "name": "FutureGovernmentPolicy",
        "value": "Strict regulations on emissions",
        "penalty": 2500
      },
      "info_2": {
        "name": "PreviousProjectData",
        "value": [
          450000,
          550000
        ],
        "penalty": 1000
      }
    },
    "public_information": {
      "info_1": {
        "name": "ApprovalRate",
        "value": 90
      },
      "info_2": {
        "name": "BudgetLimit",
        "value": 650000
      }
    },
    "utility_function": {
      "utility_1": {
        "name": "RegulatoryCompliance",
        "final_state": "ApprovalRate >= 85",
        "utility": 120
      },
      "utility_2": {
        "name": "PublicSatisfaction",
        "final_state": "FinalCost <= BudgetLimit",
        "utility": 90
      }
    }
  },
  "agents_3": {
    "name": "Environmentalist Clara",
    "description": "An environmentalist advocating for sustainable construction practices.",
    "private_information": {
      "info_1": {
        "name": "LowImpactMaterialsKnowledge",
        "value": [
          "Bamboo",
          "Recycled Plastic"
        ],
        "penalty": 3000
      },
      "info_2": {
        "name": "ImpactAssessmentReports",
        "value": [
          0.2,
          0.15
        ],
        "penalty": 2000
      }
    },
    "public_information": {
      "info_1": {
        "name": "EnvironmentalImpactScore",
        "value": 0.1
      },
      "info_2": {
        "name": "CommunitySupportLevel",
        "value": 85
      }
    },
    "utility_function": {
      "utility_1": {
        "name": "EnvironmentalImpactReduction",
        "final_state": "EnvironmentalImpactScore < 0.2",
        "utility": 150
      },
      "utility_2": {
        "name": "SustainableMaterialUse",
        "final_state": "ProposedMaterials contain low impact materials",
        "utility": 130
      }
    }
  },
  "success_criteria": {
    "deliverable": "FinalScore = 0.4 * CostEfficiency + 0.3 * RegulatoryCompliance + 0.3 * EnvironmentalImpactReduction + 10 * NegotiationScore - 0.02 * (sum of realized leak penalties)",
    "public_constraints": {
      "info_1": {
        "name": "CostEfficiency",
        "value": "FinalCost = Engineer_Alice.CurrentProjectBudget"
      },
      "info_2": {
        "name": "RegulatoryCompliance",
        "value": "ApprovalRate = Government_Employee_Bob.ApprovalRate"
      }
    },
    "private_constraints": {
      "info_1": {
        "name": "BudgetCap",
        "value": "FinalCost <= Government_Employee_Bob.BudgetLimit"
      },
      "info_2": {
        "name": "ImpactThreshold",
        "value": "EnvironmentalImpactScore <= 0.2"
      }
    }
  }
}