{
  "scenario": "Talent recruitment meeting between an HR, an interviewer, and a VP with hidden personal relations and biases towards the candidate.",
  "task": "Evaluate and select the best candidate for a software engineering position based on their skills and team fit.",
  "number_of_agents": 3,
  "agents_1": {
    "name": "Alice",
    "description": "HR manager responsible for overseeing the recruitment process.",
    "private_information": {
      "info_1": {
        "name": "Personal Bias Towards Candidate A",
        "value": 3,
        "penalty": 10
      },
      "info_2": {
        "name": "Salary Expectations of Candidate A",
        "value": 90000,
        "penalty": 5
      }
    },
    "public_information": {
      "info_1": {
        "name": "Interview Schedule",
        "value": "Week 1"
      },
      "info_2": {
        "name": "Candidate Evaluation Criteria",
        "value": [
          "Technical Skills",
          "Cultural Fit",
          "Experience"
        ]
      }
    },
    "utility_function": {
      "utility_1": {
        "name": "Hire Candidate A",
        "final_state": "CandidateScore_A >= 75",
        "utility": 20
      },
      "utility_2": {
        "name": "Hire Candidate B",
        "final_state": "CandidateScore_B >= 75",
        "utility": 10
      }
    }
  },
  "agents_2": {
    "name": "Bob",
    "description": "Interviewer with a focus on technical skills and experience.",
    "private_information": {
      "info_1": {
        "name": "Personal Preference for Candidate B",
        "value": 2,
        "penalty": 15
      },
      "info_2": {
        "name": "Candidate B's Technical Test Score",
        "value": 85,
        "penalty": 7
      }
    },
    "public_information": {
      "info_1": {
        "name": "Interview Feedback Form",
        "value": "Available after each interview"
      },
      "info_2": {
        "name": "Technical Skills Rating Scale",
        "value": "1-100"
      }
    },
    "utility_function": {
      "utility_1": {
        "name": "Support Candidate A",
        "final_state": "TechnicalScore_A >= 80",
        "utility": 5
      },
      "utility_2": {
        "name": "Support Candidate B",
        "final_state": "TechnicalScore_B >= 80",
        "utility": 25
      }
    }
  },
  "agents_3": {
    "name": "Charlie",
    "description": "VP who prioritizes team dynamics and long-term fit over immediate skills.",
    "private_information": {
      "info_1": {
        "name": "Relationship with Candidate A",
        "value": 4,
        "penalty": 20
      },
      "info_2": {
        "name": "Concerns about Candidate B's Team Fit",
        "value": 2,
        "penalty": 10
      }
    },
    "public_information": {
      "info_1": {
        "name": "Company Culture Overview",
        "value": "Team-oriented and collaborative"
      },
      "info_2": {
        "name": "Leadership Expectations",
        "value": [
          "Collaboration",
          "Innovation",
          "Integrity"
        ]
      }
    },
    "utility_function": {
      "utility_1": {
        "name": "Hire Candidate A",
        "final_state": "CulturalFit_A >= 70",
        "utility": 30
      },
      "utility_2": {
        "name": "Hire Candidate B",
        "final_state": "CulturalFit_B >= 70",
        "utility": 15
      }
    }
  },
  "success_criteria": {
    "deliverable": "FinalScore = 0.4 * NegotiationScore + 0.3 * CandidateScore_A + 0.3 * CandidateScore_B - 0.1 * (LeakPenalty_A + LeakPenalty_B)",
    "public_constraints": {
      "info_1": {
        "name": "CandidateScore_A",
        "value": "TechnicalScore_A + CulturalFit_A"
      },
      "info_2": {
        "name": "CandidateScore_B",
        "value": "TechnicalScore_B + CulturalFit_B"
      }
    },
    "private_constraints": {
      "info_1": {
        "name": "LeakPenalty_A",
        "value": "If PersonalBias_A > 2 then 10 else 0"
      },
      "info_2": {
        "name": "LeakPenalty_B",
        "value": "If PersonalPreference_B > 2 then 15 else 0"
      }
    }
  }
}