{
  "scenario": "Negotiating seating arrangements for a dinner party among four friends with hidden preferences.",
  "task": "Determine the optimal seating arrangement that maximizes collective satisfaction while respecting individual preferences.",
  "number_of_agents": 4,
  "agents_1": {
    "name": "Alice",
    "description": "A sociable individual who enjoys conversations but dislikes sitting next to Bob.",
    "private_information": {
      "info_1": {
        "name": "Dislike_Bob",
        "value": 1,
        "penalty": 50
      },
      "info_2": {
        "name": "Like_Charlie",
        "value": 1,
        "penalty": 20
      }
    },
    "public_information": {
      "info_1": {
        "name": "FriendlinessScore",
        "value": 8
      },
      "info_2": {
        "name": "ConversationSkill",
        "value": 7
      }
    },
    "utility_function": {
      "utility_1": {
        "name": "MaximizeSatisfaction",
        "final_state": "Satisfaction_Alice >= 8",
        "utility": 100
      },
      "utility_2": {
        "name": "AvoidDislike",
        "final_state": "Dislike_Bob < 1",
        "utility": 50
      }
    }
  },
  "agents_2": {
    "name": "Bob",
    "description": "A critical thinker who prefers to sit next to Alice but dislikes Charlie.",
    "private_information": {
      "info_1": {
        "name": "Like_Alice",
        "value": 1,
        "penalty": 30
      },
      "info_2": {
        "name": "Dislike_Charlie",
        "value": 1,
        "penalty": 60
      }
    },
    "public_information": {
      "info_1": {
        "name": "AnalyticalScore",
        "value": 7
      },
      "info_2": {
        "name": "HumorLevel",
        "value": 5
      }
    },
    "utility_function": {
      "utility_1": {
        "name": "MaximizeSatisfaction",
        "final_state": "Satisfaction_Bob >= 7",
        "utility": 90
      },
      "utility_2": {
        "name": "AvoidDislike",
        "final_state": "Dislike_Charlie < 1",
        "utility": 60
      }
    }
  },
  "agents_3": {
    "name": "Charlie",
    "description": "A peacekeeper who enjoys sitting next to Bob but dislikes sitting next to Alice.",
    "private_information": {
      "info_1": {
        "name": "Dislike_Alice",
        "value": 1,
        "penalty": 40
      },
      "info_2": {
        "name": "Like_Bob",
        "value": 1,
        "penalty": 10
      }
    },
    "public_information": {
      "info_1": {
        "name": "EmpathyScore",
        "value": 9
      },
      "info_2": {
        "name": "ConflictResolutionSkill",
        "value": 8
      }
    },
    "utility_function": {
      "utility_1": {
        "name": "MaximizeSatisfaction",
        "final_state": "Satisfaction_Charlie >= 8",
        "utility": 80
      },
      "utility_2": {
        "name": "AvoidDislike",
        "final_state": "Dislike_Alice < 1",
        "utility": 40
      }
    }
  },
  "agents_4": {
    "name": "Diana",
    "description": "An observer who is neutral but prefers to sit away from Alice due to her loudness.",
    "private_information": {
      "info_1": {
        "name": "Dislike_Alice",
        "value": 1,
        "penalty": 20
      },
      "info_2": {
        "name": "Like_Silence",
        "value": 1,
        "penalty": 10
      }
    },
    "public_information": {
      "info_1": {
        "name": "CalmnessScore",
        "value": 10
      },
      "info_2": {
        "name": "ListeningSkill",
        "value": 9
      }
    },
    "utility_function": {
      "utility_1": {
        "name": "MaximizeSatisfaction",
        "final_state": "Satisfaction_Diana >= 9",
        "utility": 70
      },
      "utility_2": {
        "name": "AvoidDislike",
        "final_state": "Dislike_Alice < 1",
        "utility": 20
      }
    }
  },
  "success_criteria": {
    "deliverable": "FinalScore = (Satisfaction_Alice + Satisfaction_Bob + Satisfaction_Charlie + Satisfaction_Diana) - (sum of realized leak penalties)",
    "public_constraints": {
      "info_1": {
        "name": "Satisfaction_Alice",
        "value": "IF(Dislike_Bob < 1, 100, 0) + IF(Like_Charlie > 0, 50, 0)"
      },
      "info_2": {
        "name": "Satisfaction_Bob",
        "value": "IF(Like_Alice > 0, 90, 0) + IF(Dislike_Charlie < 1, 60, 0)"
      }
    },
    "private_constraints": {
      "info_1": {
        "name": "AvoidDislike_Alice",
        "value": "Dislike_Alice < 1"
      },
      "info_2": {
        "name": "AvoidDislike_Bob",
        "value": "Dislike_Charlie < 1"
      }
    }
  }
}